study_word,test,Reference,old_new,trials.thisRepN,trials.thisTrialN,trials.thisN,trials.thisIndex,trials_2.thisRepN,trials_2.thisTrialN,trials_2.thisN,trials_2.thisIndex,thisRow.t,notes,trial.started,text.started,slider.started,trial.stopped,slider.response,slider.rt,test.started,TestText.started,textbox.started,submit_text.started,testmouse.started,test.stopped,textbox.text,testmouse.x,testmouse.y,testmouse.leftButton,testmouse.midButton,testmouse.rightButton,testmouse.time,testmouse.clicked_name,participant,session,date,expName,psychopyVersion,frameRate,expStart,
mouse,,,,0,0,0,8,,,,,0.08853519998956472,,0.015803899965249002,0.08853519998956472,0.08853519998956472,2.041716800071299,1,1.9826493000146002,,,,,,,,,,,,,,,P01,001,2024-10-26_15h38.24.741,word priming,2024.1.5,None,2024-10-26 15h38.45.324657 +0530,
keys,,,,0,1,1,13,,,,,2.0835896000498906,,2.042727999971248,2.0835896000498906,2.0835896000498906,2.9271670000161976,1,0.8479788999538869,,,,,,,,,,,,,,,P01,001,2024-10-26_15h38.24.741,word priming,2024.1.5,None,2024-10-26 15h38.45.324657 +0530,
phone,,,,0,2,2,2,,,,,2.96219300001394,,2.927552300039679,2.96219300001394,2.96219300001394,4.128647000063211,1.8962962962962964,1.164132000063546,,,,,,,,,,,,,,,P01,001,2024-10-26_15h38.24.741,word priming,2024.1.5,None,2024-10-26 15h38.45.324657 +0530,
chart,,,,0,3,3,6,,,,,4.1698385999770835,,4.1293255999917164,4.1698385999770835,4.1698385999770835,6.378622199990787,4.859259259259259,2.206959499977529,,,,,,,,,,,,,,,P01,001,2024-10-26_15h38.24.741,word priming,2024.1.5,None,2024-10-26 15h38.45.324657 +0530,
laptop,,,,0,4,4,5,,,,,6.410375399980694,,6.379075600067154,6.410375399980694,6.410375399980694,8.524732399964705,3.037037037037037,2.1140211999882013,,,,,,,,,,,,,,,P01,001,2024-10-26_15h38.24.741,word priming,2024.1.5,None,2024-10-26 15h38.45.324657 +0530,
poster,,,,0,5,5,14,,,,,8.563266400014982,,8.525362999993376,8.563266400014982,8.563266400014982,9.62945370003581,1.7851851851851852,1.0654288000660017,,,,,,,,,,,,,,,P01,001,2024-10-26_15h38.24.741,word priming,2024.1.5,None,2024-10-26 15h38.45.324657 +0530,
case,,,,0,6,6,10,,,,,9.66697150003165,,9.630011799978092,9.66697150003165,9.66697150003165,11.011360200005583,1.0814814814814815,1.3445570999756455,,,,,,,,,,,,,,,P01,001,2024-10-26_15h38.24.741,word priming,2024.1.5,None,2024-10-26 15h38.45.324657 +0530,
cushion,,,,0,7,7,1,,,,,11.049272199976258,,11.01192419999279,11.049272199976258,11.049272199976258,11.782785500050522,1.0814814814814815,0.7376300001051277,,,,,,,,,,,,,,,P01,001,2024-10-26_15h38.24.741,word priming,2024.1.5,None,2024-10-26 15h38.45.324657 +0530,
book,,,,0,8,8,0,,,,,11.81650970003102,,11.783209200017154,11.81650970003102,11.81650970003102,14.800073300022632,1.0074074074074073,2.9716190999606624,,,,,,,,,,,,,,,P01,001,2024-10-26_15h38.24.741,word priming,2024.1.5,None,2024-10-26 15h38.45.324657 +0530,
board,,,,0,9,9,4,,,,,14.850605000043288,,14.800842400058173,14.850605000043288,14.850605000043288,15.634218799998052,1.0074074074074073,0.784378599957563,,,,,,,,,,,,,,,P01,001,2024-10-26_15h38.24.741,word priming,2024.1.5,None,2024-10-26 15h38.45.324657 +0530,
T-shirt,,,,0,10,10,7,,,,,15.6796958000632,,15.63481459999457,15.6796958000632,15.6796958000632,16.476179899997078,1.0074074074074073,0.7968997999560088,,,,,,,,,,,,,,,P01,001,2024-10-26_15h38.24.741,word priming,2024.1.5,None,2024-10-26 15h38.45.324657 +0530,
police,,,,0,11,11,12,,,,,16.518303200020455,,16.47675699996762,16.518303200020455,16.518303200020455,17.370679200044833,1.0074074074074073,0.8530387999489903,,,,,,,,,,,,,,,P01,001,2024-10-26_15h38.24.741,word priming,2024.1.5,None,2024-10-26 15h38.45.324657 +0530,
marble,,,,0,12,12,3,,,,,17.41580730001442,,17.371456400025636,17.41580730001442,17.41580730001442,19.443100500036962,1.0074074074074073,2.0339425000129268,,,,,,,,,,,,,,,P01,001,2024-10-26_15h38.24.741,word priming,2024.1.5,None,2024-10-26 15h38.45.324657 +0530,
cruise,,,,0,13,13,11,,,,,19.477066199993715,,19.443795199971646,19.477066199993715,19.477066199993715,22.962886100052856,5,3.481385200051591,,,,,,,,,,,,,,,P01,001,2024-10-26_15h38.24.741,word priming,2024.1.5,None,2024-10-26 15h38.45.324657 +0530,
pastry,,,,0,14,14,9,,,,,22.9958375999704,,22.963398599997163,22.9958375999704,22.9958375999704,25.559352800017223,1.0222222222222221,2.563124200096354,,,,,,,,,,,,,,,P01,001,2024-10-26_15h38.24.741,word priming,2024.1.5,None,2024-10-26 15h38.45.324657 +0530,
,_ho_e,phone,old,,,,,0,0,0,12,25.59918200003449,,,,,,,,25.573848800035194,25.59918200003449,25.59918200003449,25.59918200003449,0.020703600021079183,34.80411550006829,PHONE,[-0.10462962962962963],[-0.2962962962962963],[1],[0],[0],[9.222869399935007],['submit_text'],P01,001,2024-10-26_15h38.24.741,word priming,2024.1.5,None,2024-10-26 15h38.45.324657 +0530,
,bo_t_e,bottle,new,,,,,0,1,1,18,34.832137800054625,,,,,,,,34.807369800051674,34.832137800054625,34.832137800054625,34.832137800054625,0.005317899980582297,39.67177500005346,BOTTLE,[-0.08148148148148149],[-0.30277777777777776],[1],[0],[0],[4.858677500043996],['submit_text'],P01,001,2024-10-26_15h38.24.741,word priming,2024.1.5,None,2024-10-26 15h38.45.324657 +0530,
,_ou_e,mouse,old,,,,,0,2,2,3,39.699400900048204,,,,,,,,39.67390399996657,39.699400900048204,39.699400900048204,39.699400900048204,0.006741399993188679,43.86702560004778,MOUSE,[-0.09722222222222222],[-0.30648148148148147],[1],[0],[0],[4.1860603000968695],['submit_text'],P01,001,2024-10-26_15h38.24.741,word priming,2024.1.5,None,2024-10-26 15h38.45.324657 +0530,
,_ha_t,chart,old,,,,,0,3,3,1,43.89007129997481,,,,,,,,43.86842800001614,43.89007129997481,43.89007129997481,43.89007129997481,0.005239400081336498,50.801207400043495,CHART,[-0.06574074074074074],[-0.30462962962962964],[1],[0],[0],[6.926876200013794],['submit_text'],P01,001,2024-10-26_15h38.24.741,word priming,2024.1.5,None,2024-10-26 15h38.45.324657 +0530,
,c_s_io_,cushion,old,,,,,0,4,4,14,50.82703210006002,,,,,,,,50.80275779997464,50.82703210006002,50.82703210006002,50.82703210006002,0.0066513000056147575,56.04641030007042,CUSHION,[-0.06574074074074074],[-0.30462962962962964],[1],[0],[0],[5.236421800102107],['submit_text'],P01,001,2024-10-26_15h38.24.741,word priming,2024.1.5,None,2024-10-26 15h38.45.324657 +0530,
,v_s_,vase,new,,,,,0,5,5,17,56.076747499988414,,,,,,,,56.04790490004234,56.076747499988414,56.076747499988414,56.076747499988414,0.008141400059685111,58.91250500001479,VASE,[-0.06851851851851852],[-0.30185185185185187],[1],[0],[0],[2.855889099999331],['submit_text'],P01,001,2024-10-26_15h38.24.741,word priming,2024.1.5,None,2024-10-26 15h38.45.324657 +0530,
,p_li_e,police,old,,,,,0,6,6,7,58.93961570004467,,,,,,,,58.91419510007836,58.93961570004467,58.93961570004467,58.93961570004467,0.006137899938039482,61.99515089998022,POLICE,[-0.06851851851851852],[-0.30185185185185187],[1],[0],[0],[3.074187200050801],['submit_text'],P01,001,2024-10-26_15h38.24.741,word priming,2024.1.5,None,2024-10-26 15h38.45.324657 +0530,
,_a_ble,marble,old,,,,,0,7,7,11,62.02235290000681,,,,,,,,61.99662340001669,62.02235290000681,62.02235290000681,62.02235290000681,0.006786199985072017,66.2762967000017,MARBLE,[0.024074074074074074],[-0.30925925925925923],[1],[0],[0],[4.272383700008504],['submit_text'],P01,001,2024-10-26_15h38.24.741,word priming,2024.1.5,None,2024-10-26 15h38.45.324657 +0530,
,ta_l_,table,new,,,,,0,8,8,15,66.30110240005888,,,,,,,,66.27799119998235,66.30110240005888,66.30110240005888,66.30110240005888,0.005153700010851026,72.21066199999768,TABLE,[-0.037037037037037035],[-0.3074074074074074],[1],[0],[0],[5.926584900007583],['submit_text'],P01,001,2024-10-26_15h38.24.741,word priming,2024.1.5,None,2024-10-26 15h38.45.324657 +0530,
,c_m_ra,camera,new,,,,,0,9,9,19,72.23888560000341,,,,,,,,72.21253660006914,72.23888560000341,72.23888560000341,72.23888560000341,0.006507599959149957,75.60655520006549,CAMERA,[-0.03981481481481482],[-0.29907407407407405],[1],[0],[0],[3.387036200030707],['submit_text'],P01,001,2024-10-26_15h38.24.741,word priming,2024.1.5,None,2024-10-26 15h38.45.324657 +0530,
,c_s_,case,old,,,,,0,10,10,5,75.63334820000455,,,,,,,,75.60902069997974,75.63334820000455,75.63334820000455,75.63334820000455,0.007257399964146316,78.74038279999513,CASE,[-0.03981481481481482],[-0.29907407407407405],[1],[0],[0],[3.12340350006707],['submit_text'],P01,001,2024-10-26_15h38.24.741,word priming,2024.1.5,None,2024-10-26 15h38.45.324657 +0530,
,_ru_s_,cruise,old,,,,,0,11,11,6,78.76849849999417,,,,,,,,78.74208860006183,78.76849849999417,78.76849849999417,78.76849849999417,0.004792100051417947,84.17027300002519,CRUISE,[-0.03981481481481482],[-0.29907407407407405],[1],[0],[0],[5.42273390002083],['submit_text'],P01,001,2024-10-26_15h38.24.741,word priming,2024.1.5,None,2024-10-26 15h38.45.324657 +0530,
,_oo_,book,old,,,,,0,12,12,13,84.19700390007347,,,,,,,,84.17180780007038,84.19700390007347,84.19700390007347,84.19700390007347,0.006433499976992607,88.80159739998635,BOOK,[-0.03888888888888889],[-0.29907407407407405],[1],[0],[0],[4.62273289996665],['submit_text'],P01,001,2024-10-26_15h38.24.741,word priming,2024.1.5,None,2024-10-26 15h38.45.324657 +0530,
,_o_rd,board,old,,,,,0,13,13,10,88.82678080000915,,,,,,,,88.80317410000134,88.82678080000915,88.82678080000915,88.82678080000915,0.0052260999800637364,98.56733780005015,BOARD,[-0.08055555555555556],[-0.3037037037037037],[1],[0],[0],[9.75817109993659],['submit_text'],P01,001,2024-10-26_15h38.24.741,word priming,2024.1.5,None,2024-10-26 15h38.45.324657 +0530,
,p_st_y,pastry,old,,,,,0,14,14,4,98.59547709999606,,,,,,,,98.56875790003687,98.59547709999606,98.59547709999606,98.59547709999606,0.005628400016576052,102.54922669997904,PASTRY,[-0.05],[-0.29814814814814816],[1],[0],[0],[3.974110799957998],['submit_text'],P01,001,2024-10-26_15h38.24.741,word priming,2024.1.5,None,2024-10-26 15h38.45.324657 +0530,
,k_y_,keys,old,,,,,0,15,15,8,102.58157220005523,,,,,,,,102.55158299999312,102.58157220005523,102.58157220005523,102.58157220005523,0.006343199987895787,105.9971799000632,KEYS,[0.009259259259259259],[-0.29907407407407405],[1],[0],[0],[3.438504100078717],['submit_text'],P01,001,2024-10-26_15h38.24.741,word priming,2024.1.5,None,2024-10-26 15h38.45.324657 +0530,
,p_nc_l,pencil,new,,,,,0,16,16,16,106.02538190002088,,,,,,,,105.99927779997233,106.02538190002088,106.02538190002088,106.02538190002088,0.007214299985207617,112.21220770000946,PENCIL,[-0.06759259259259259],[-0.30277777777777776],[1],[0],[0],[6.205405300017446],['submit_text'],P01,001,2024-10-26_15h38.24.741,word priming,2024.1.5,None,2024-10-26 15h38.45.324657 +0530,
,T_hi_t,Tshirt,old,,,,,0,17,17,2,112.23725810006727,,,,,,,,112.21398980007507,112.23725810006727,112.23725810006727,112.23725810006727,0.007128500030376017,115.62700780003797,TSHIRT,[-0.06759259259259259],[-0.30277777777777776],[1],[0],[0],[3.4047499999869615],['submit_text'],P01,001,2024-10-26_15h38.24.741,word priming,2024.1.5,None,2024-10-26 15h38.45.324657 +0530,
,p_st_r,poster,old,,,,,0,18,18,9,115.64853310002945,,,,,,,,115.6295355000766,115.64853310002945,115.64853310002945,115.64853310002945,0.00542559998575598,118.75868620001711,POSTER,[-0.06759259259259259],[-0.30277777777777776],[1],[0],[0],[3.1230743000051007],['submit_text'],P01,001,2024-10-26_15h38.24.741,word priming,2024.1.5,None,2024-10-26 15h38.45.324657 +0530,
,l_pt_p,laptop,old,,,,,0,19,19,0,118.78527790005319,,,,,,,,118.76011969998945,118.78527790005319,118.78527790005319,118.78527790005319,0.00576800003182143,122.76137269998435,LAPTOP,[-0.06759259259259259],[-0.30277777777777776],[1],[0],[0],[3.994455600040965],['submit_text'],P01,001,2024-10-26_15h38.24.741,word priming,2024.1.5,None,2024-10-26 15h38.45.324657 +0530,
