stimulus,word_type,valence,corr_resp,trials.thisRepN,trials.thisTrialN,trials.thisN,trials.thisIndex,thisRow.t,notes,welcome.started,text.started,key_resp.started,welcome.stopped,key_resp.keys,key_resp.rt,key_resp.duration,trial.started,fixation.started,stimuli.started,key_resp_2.started,fixation.stopped,trial.stopped,key_resp_2.keys,key_resp_2.corr,key_resp_2.rt,key_resp_2.duration,participant,session,date,expName,psychopyVersion,frameRate,expStart,
,,,,,,,,,,0.0026307000007363968,0.007121399999959976,0.007121399999959976,8.368256800000381,space,8.342320600000676,None,,,,,,,,,,,p1,001,2024-11-30_18h14.02.725,lexical decision,2024.1.5,None,2024-11-30 18h14.19.158381 +0530,
Joy,word,positive,w,0,0,0,1,8.41557020000073,,,,,,,,,8.40280139999959,8.41557020000073,9.371919400000479,9.371919400000479,9.421792400000413,10.340810199999396,w,1,0.9657428999998956,None,p1,001,2024-11-30_18h14.02.725,lexical decision,2024.1.5,None,2024-11-30 18h14.19.158381 +0530,
Lamp,word,neutral,w,0,1,1,23,10.360198200000013,,,,,,,,,10.342776100000265,10.360198200000013,11.354433000000427,11.354433000000427,11.37085660000048,11.923479099999895,w,1,0.5544006000000081,None,p1,001,2024-11-30_18h14.02.725,lexical decision,2024.1.5,None,2024-11-30 18h14.19.158381 +0530,
Grief,word,negative,w,0,2,2,19,11.942153800000597,,,,,,,,,11.925121300000683,11.942153800000597,12.937314900000274,12.937314900000274,12.953897100000177,13.340075599999182,w,1,0.40001940000001923,None,p1,001,2024-11-30_18h14.02.725,lexical decision,2024.1.5,None,2024-11-30 18h14.19.158381 +0530,
Darz,non-word,neutral,n,0,3,3,38,13.36065090000011,,,,,,,,,13.341558500000247,13.36065090000011,14.353681299999153,14.353681299999153,14.370317299999442,14.805044900000212,w,0,0.4343327999995381,None,p1,001,2024-11-30_18h14.02.725,lexical decision,2024.1.5,None,2024-11-30 18h14.19.158381 +0530,
Table,word,neutral,w,0,4,4,20,14.820816299999933,,,,,,,,,14.806516999999076,14.820816299999933,15.819741699999213,15.819741699999213,15.836298399999578,16.27196869999898,w,1,0.4390432000000146,None,p1,001,2024-11-30_18h14.02.725,lexical decision,2024.1.5,None,2024-11-30 18h14.19.158381 +0530,
Quimf,non-word,neutral,n,0,5,5,35,16.294222500000615,,,,,,,,,16.273632099999304,16.294222500000615,17.28580399999919,17.28580399999919,17.30233539999972,17.888731999999436,n,1,0.5996861999992689,None,p1,001,2024-11-30_18h14.02.725,lexical decision,2024.1.5,None,2024-11-30 18h14.19.158381 +0530,
Frienship,word,positive,w,0,6,6,8,17.910214800000176,,,,,,,,,17.890657300000385,17.910214800000176,18.90176640000027,18.90176640000027,18.918542699999307,19.40388089999942,w,1,0.4923254999994242,None,p1,001,2024-11-30_18h14.02.725,lexical decision,2024.1.5,None,2024-11-30 18h14.19.158381 +0530,
Pencil,word,neutral,w,0,7,7,26,19.418403899999248,,,,,,,,,19.405368499999895,19.418403899999248,20.41805790000035,20.41805790000035,20.41805790000035,20.903676100000666,w,1,0.4759252000003471,None,p1,001,2024-11-30_18h14.02.725,lexical decision,2024.1.5,None,2024-11-30 18h14.19.158381 +0530,
Snarp,non-word,neutral,n,0,8,8,39,20.924232299999858,,,,,,,,,20.90530509999917,20.924232299999858,21.917573700000503,21.917573700000503,21.934322600000087,23.419745299999704,n,1,1.4988701999991463,None,p1,001,2024-11-30_18h14.02.725,lexical decision,2024.1.5,None,2024-11-30 18h14.19.158381 +0530,
Blurf,non-word,neutral,n,0,9,9,31,23.438018400000146,,,,,,,,,23.42125379999925,23.438018400000146,24.433323799999926,24.433323799999926,24.450018399998953,25.201988599999822,n,1,0.758066599999438,None,p1,001,2024-11-30_18h14.02.725,lexical decision,2024.1.5,None,2024-11-30 18h14.19.158381 +0530,
Pain,word,negative,w,0,10,10,15,25.216515199999776,,,,,,,,,25.203476299999238,25.216515199999776,26.216170300000158,26.216170300000158,26.216170300000158,26.934549600000537,w,1,0.7137639000011404,None,p1,001,2024-11-30_18h14.02.725,lexical decision,2024.1.5,None,2024-11-30 18h14.19.158381 +0530,
Woxel,non-word,neutral,n,0,11,11,32,26.954711500000485,,,,,,,,,26.936061399999744,26.954711500000485,27.94894430000022,27.94894430000022,27.965349399999468,28.5837434999994,n,1,0.6174886000007973,None,p1,001,2024-11-30_18h14.02.725,lexical decision,2024.1.5,None,2024-11-30 18h14.19.158381 +0530,
Love,word,positive,w,0,12,12,2,28.60092859999895,,,,,,,,,28.585833999999522,28.60092859999895,29.598356799999237,29.598356799999237,29.61497000000054,30.167464899999686,w,1,0.563875799998641,None,p1,001,2024-11-30_18h14.02.725,lexical decision,2024.1.5,None,2024-11-30 18h14.19.158381 +0530,
Paper,word,neutral,w,0,13,13,29,30.18455240000003,,,,,,,,,30.169137099999716,30.18455240000003,31.181051800000205,31.181051800000205,31.197597599999426,31.965888599999744,w,1,0.7682112999991659,None,p1,001,2024-11-30_18h14.02.725,lexical decision,2024.1.5,None,2024-11-30 18h14.19.158381 +0530,
Clock,word,neutral,w,0,14,14,28,31.982093200000236,,,,,,,,,31.967463200000566,31.982093200000236,32.980669799999305,32.980669799999305,32.99730989999989,33.51568790000056,w,1,0.5221506000016234,None,p1,001,2024-11-30_18h14.02.725,lexical decision,2024.1.5,None,2024-11-30 18h14.19.158381 +0530,
Success,word,positive,w,0,15,15,3,33.533051700000215,,,,,,,,,33.517505800000436,33.533051700000215,34.53004599999986,34.53004599999986,34.54661540000052,35.03238169999895,w,1,0.49797190000026603,None,p1,001,2024-11-30_18h14.02.725,lexical decision,2024.1.5,None,2024-11-30 18h14.19.158381 +0530,
Book,word,neutral,w,0,16,16,21,35.048762299999,,,,,,,,,35.034025900000415,35.048762299999,36.04590140000073,36.04590140000073,36.06277810000029,36.56529539999974,w,1,0.5155701999992743,None,p1,001,2024-11-30_18h14.02.725,lexical decision,2024.1.5,None,2024-11-30 18h14.19.158381 +0530,
Fear,word,negative,w,0,17,17,12,36.581867599999896,,,,,,,,,36.56700169999931,36.581867599999896,37.57896620000065,37.57896620000065,37.5956428999998,38.114412099999754,w,1,0.5211878999998589,None,p1,001,2024-11-30_18h14.02.725,lexical decision,2024.1.5,None,2024-11-30 18h14.19.158381 +0530,
Glirn,non-word,neutral,n,0,18,18,33,38.13056610000058,,,,,,,,,38.11590479999904,38.13056610000058,39.12842060000003,39.12842060000003,39.14504780000061,39.814034099999844,n,1,0.6812855000007403,None,p1,001,2024-11-30_18h14.02.725,lexical decision,2024.1.5,None,2024-11-30 18h14.19.158381 +0530,
Failure,word,negative,w,0,19,19,14,39.831455199999255,,,,,,,,,39.81569359999958,39.831455199999255,40.82805709999957,40.82805709999957,40.844407099999444,41.3968705999996,w,1,0.5602132000003621,None,p1,001,2024-11-30_18h14.02.725,lexical decision,2024.1.5,None,2024-11-30 18h14.19.158381 +0530,
Freedom,word,positive,w,0,20,20,4,41.41314599999896,,,,,,,,,41.39852830000018,41.41314599999896,42.4107812000002,42.4107812000002,42.42746850000003,42.91215489999922,w,1,0.48649380000097153,None,p1,001,2024-11-30_18h14.02.725,lexical decision,2024.1.5,None,2024-11-30 18h14.19.158381 +0530,
Plonk,non-word,neutral,n,0,21,21,36,42.92671159999918,,,,,,,,,42.91360789999999,42.92671159999918,43.92663510000057,43.92663510000057,43.92663510000057,44.41244410000036,n,1,0.4772183999994013,None,p1,001,2024-11-30_18h14.02.725,lexical decision,2024.1.5,None,2024-11-30 18h14.19.158381 +0530,
Anger,word,negative,w,0,22,22,11,44.43278640000062,,,,,,,,,44.41413149999971,44.43278640000062,45.42629300000044,45.42629300000044,45.44304519999969,46.02777149999929,w,1,0.5884053999998287,None,p1,001,2024-11-30_18h14.02.725,lexical decision,2024.1.5,None,2024-11-30 18h14.19.158381 +0530,
Door,word,neutral,w,0,23,23,25,46.042482499999096,,,,,,,,,46.02928629999951,46.042482499999096,47.04243829999905,47.04243829999905,47.04243829999905,47.46139860000039,w,1,0.4063456000003498,None,p1,001,2024-11-30_18h14.02.725,lexical decision,2024.1.5,None,2024-11-30 18h14.19.158381 +0530,
Trouble,word,negative,w,0,24,24,18,47.478187900000194,,,,,,,,,47.463112600000386,47.478187900000194,48.47523519999959,48.47523519999959,48.49172820000058,48.94429289999971,w,1,0.45857019999857584,None,p1,001,2024-11-30_18h14.02.725,lexical decision,2024.1.5,None,2024-11-30 18h14.19.158381 +0530,
Window,word,neutral,w,0,25,25,24,48.961211699999694,,,,,,,,,48.94596300000012,48.961211699999694,49.95813629999975,49.95813629999975,49.97477880000042,50.49413679999998,w,1,0.521703599999455,None,p1,001,2024-11-30_18h14.02.725,lexical decision,2024.1.5,None,2024-11-30 18h14.19.158381 +0530,
Zart,non-word,neutral,n,0,26,26,34,50.513874000000214,,,,,,,,,50.49584920000052,50.513874000000214,51.50749369999903,51.50749369999903,51.52421289999984,52.00993279999966,n,1,0.48849690000133705,None,p1,001,2024-11-30_18h14.02.725,lexical decision,2024.1.5,None,2024-11-30 18h14.19.158381 +0530,
Cry,word,negative,w,0,27,27,17,52.02662550000059,,,,,,,,,52.01158620000024,52.02662550000059,53.0238945000001,53.0238945000001,53.04037679999965,53.94249619999937,w,1,0.9113276999996742,None,p1,001,2024-11-30_18h14.02.725,lexical decision,2024.1.5,None,2024-11-30 18h14.19.158381 +0530,
Chair,word,neutral,w,0,28,28,22,53.96297930000037,,,,,,,,,53.944683600000644,53.96297930000037,54.95625079999991,54.95625079999991,54.97301019999941,55.87553879999905,w,1,0.916235400000005,None,p1,001,2024-11-30_18h14.02.725,lexical decision,2024.1.5,None,2024-11-30 18h14.19.158381 +0530,
Death,word,negative,w,0,29,29,13,55.892481200000475,,,,,,,,,55.87721919999967,55.892481200000475,56.88925559999916,56.88925559999916,56.905656900000395,57.340992800000095,w,1,0.44227890000001935,None,p1,001,2024-11-30_18h14.02.725,lexical decision,2024.1.5,None,2024-11-30 18h14.19.158381 +0530,
Hope,word,positive,w,0,30,30,9,57.362008199999764,,,,,,,,,57.34249610000006,57.362008199999764,58.35557229999904,58.35557229999904,58.37170639999931,58.73991120000028,w,1,0.3754520999991655,None,p1,001,2024-11-30_18h14.02.725,lexical decision,2024.1.5,None,2024-11-30 18h14.19.158381 +0530,
Sad,word,negative,w,0,31,31,10,58.75792360000014,,,,,,,,,58.74184509999941,58.75792360000014,59.75477130000036,59.75477130000036,59.77124879999974,60.12391779999962,w,1,0.3606326999997691,None,p1,001,2024-11-30_18h14.02.725,lexical decision,2024.1.5,None,2024-11-30 18h14.19.158381 +0530,
Happy,word,positive,w,0,32,32,0,60.141523599999346,,,,,,,,,60.125640099999146,60.141523599999346,61.137450199999876,61.137450199999876,61.15407249999953,61.67285939999965,w,1,0.521299199999703,None,p1,001,2024-11-30_18h14.02.725,lexical decision,2024.1.5,None,2024-11-30 18h14.19.158381 +0530,
Bork,non-word,neutral,n,0,33,33,37,61.68720399999984,,,,,,,,,61.67439159999958,61.68720399999984,62.68730329999926,62.68730329999926,62.68730329999926,63.13853890000064,w,0,0.43415880000065954,None,p1,001,2024-11-30_18h14.02.725,lexical decision,2024.1.5,None,2024-11-30 18h14.19.158381 +0530,
Smile,word,positive,w,0,34,34,6,63.15321380000023,,,,,,,,,63.139993000000686,63.15321380000023,64.15312359999916,64.15312359999916,64.15312359999916,64.78836480000064,w,1,0.6208306000007724,None,p1,001,2024-11-30_18h14.02.725,lexical decision,2024.1.5,None,2024-11-30 18h14.19.158381 +0530,
Xylph,non-word,neutral,n,0,35,35,30,64.80701229999977,,,,,,,,,64.79035280000062,64.80701229999977,65.80282119999902,65.80282119999902,65.81934329999967,66.37174539999978,n,1,0.5572109000004275,None,p1,001,2024-11-30_18h14.02.725,lexical decision,2024.1.5,None,2024-11-30 18h14.19.158381 +0530,
Plant,word,neutral,w,0,36,36,27,66.38771020000058,,,,,,,,,66.37350539999898,66.38771020000058,67.38532499999928,67.38532499999928,67.40194479999991,68.18746509999983,w,1,0.7927701000007801,None,p1,001,2024-11-30_18h14.02.725,lexical decision,2024.1.5,None,2024-11-30 18h14.19.158381 +0530,
Loss,word,negative,w,0,37,37,16,68.20307130000037,,,,,,,,,68.18913529999918,68.20307130000037,69.20157569999901,69.20157569999901,69.21802500000013,70.16977939999924,w,1,0.9543625000005704,None,p1,001,2024-11-30_18h14.02.725,lexical decision,2024.1.5,None,2024-11-30 18h14.19.158381 +0530,
Bright,word,positive,w,0,38,38,7,70.18428350000067,,,,,,,,,70.17126830000052,70.18428350000067,71.18417559999943,71.18417559999943,71.18417559999943,71.66943609999907,w,1,0.468112900000051,None,p1,001,2024-11-30_18h14.02.725,lexical decision,2024.1.5,None,2024-11-30 18h14.19.158381 +0530,
Peace,word,positive,w,0,39,39,5,71.68363379999937,,,,,,,,,71.67124639999929,71.68363379999937,72.68358489999991,72.68358489999991,72.68358489999991,74.66893139999956,w,1,1.9744549999995797,None,p1,001,2024-11-30_18h14.02.725,lexical decision,2024.1.5,None,2024-11-30 18h14.19.158381 +0530,
