reward_today,future_reward,delay,trials.thisRepN,trials.thisTrialN,trials.thisN,trials.thisIndex,thisRow.t,notes,trial.started,Fixation.started,text.started,key_resp.started,Fixation.stopped,trial.stopped,key_resp.keys,key_resp.rt,key_resp.duration,participant,session,date,expName,psychopyVersion,frameRate,expStart,
78,80,162,0,0,0,6,0.09689110002364032,,0.012144400010583922,0.09689110002364032,1.014191700000083,1.014191700000083,1.0975266000023112,1.6556339000235312,t,0.6316703999764286,None,p2,001,2024-11-15_11h27.40.685,Delay discounting,2024.1.5,None,2024-11-15 11h27.59.072761 +0530,
67,75,119,0,1,1,5,1.6710961000062525,,1.657450400001835,1.6710961000062525,2.663596600003075,2.663596600003075,2.680328200018266,4.0647310000204016,t,1.3856066000007559,None,p2,001,2024-11-15_11h27.40.685,Delay discounting,2024.1.5,None,2024-11-15 11h27.59.072761 +0530,
49,60,89,0,2,2,4,4.083134800021071,,4.066184399998747,4.083134800021071,5.079728400014574,5.079728400014574,5.096358900016639,5.94808600001852,t,0.8540077999932691,None,p2,001,2024-11-15_11h27.40.685,Delay discounting,2024.1.5,None,2024-11-15 11h27.59.072761 +0530,
40,55,62,0,3,3,3,5.962999800016405,,5.94957080000313,5.962999800016405,6.962573800003156,6.962573800003156,6.962573800003156,7.846809400012717,t,0.8761962999997195,None,p2,001,2024-11-15_11h27.40.685,Delay discounting,2024.1.5,None,2024-11-15 11h27.59.072761 +0530,
27,50,21,0,4,4,2,7.861721799999941,,7.847794400004204,7.861721799999941,8.861888700019335,8.861888700019335,8.861888700019335,9.512545600009616,l,0.6350618999858852,None,p2,001,2024-11-15_11h27.40.685,Delay discounting,2024.1.5,None,2024-11-15 11h27.59.072761 +0530,
11,30,7,0,5,5,0,9.527677000005497,,9.51387930000783,9.527677000005497,10.527840599999763,10.527840599999763,10.527840599999763,11.19526860001497,l,0.6600300999998581,None,p2,001,2024-11-15_11h27.40.685,Delay discounting,2024.1.5,None,2024-11-15 11h27.59.072761 +0530,
15,35,13,0,6,6,1,11.210471800004598,,11.196203900006367,11.210471800004598,12.210401100019226,12.210401100019226,12.210401100019226,12.746456499997294,l,0.531999500002712,None,p2,001,2024-11-15_11h27.40.685,Delay discounting,2024.1.5,None,2024-11-15 11h27.59.072761 +0530,
11,30,7,1,0,7,0,12.770389300014358,,12.748009800008731,12.770389300014358,13.760080400010338,13.760080400010338,13.779005799995502,14.295745600014925,l,0.5283104999980424,None,p2,001,2024-11-15_11h27.40.685,Delay discounting,2024.1.5,None,2024-11-15 11h27.59.072761 +0530,
27,50,21,1,1,8,2,14.316327100008493,,14.297993000014685,14.316327100008493,15.309780000010505,15.309780000010505,15.326346700021531,15.777323800022714,l,0.4544578999921214,None,p2,001,2024-11-15_11h27.40.685,Delay discounting,2024.1.5,None,2024-11-15 11h27.59.072761 +0530,
40,55,62,1,2,9,3,15.792362800013507,,15.7783621000126,15.792362800013507,16.79224989999784,16.79224989999784,16.79224989999784,17.543440500012366,t,0.7345781000040006,None,p2,001,2024-11-15_11h27.40.685,Delay discounting,2024.1.5,None,2024-11-15 11h27.59.072761 +0530,
49,60,89,1,3,10,4,17.55824320000829,,17.544839900016086,17.55824320000829,18.558238400000846,18.558238400000846,18.558238400000846,19.79277220001677,t,1.2326247000019066,None,p2,001,2024-11-15_11h27.40.685,Delay discounting,2024.1.5,None,2024-11-15 11h27.59.072761 +0530,
67,75,119,1,4,11,5,19.80770289999782,,19.794344900001306,19.80770289999782,20.807530100020813,20.807530100020813,20.807530100020813,21.908564800018212,t,1.0965608999831602,None,p2,001,2024-11-15_11h27.40.685,Delay discounting,2024.1.5,None,2024-11-15 11h27.59.072761 +0530,
15,35,13,1,5,12,1,21.923579599999357,,21.910151999996742,21.923579599999357,22.923390400013886,22.923390400013886,22.923390400013886,23.626787900022464,l,0.7001477000012528,None,p2,001,2024-11-15_11h27.40.685,Delay discounting,2024.1.5,None,2024-11-15 11h27.59.072761 +0530,
78,80,162,1,6,13,6,23.64202450000448,,23.62838050001301,23.64202450000448,24.639506700012134,24.639506700012134,24.65620540000964,25.30761910000001,t,0.6607771000126377,None,p2,001,2024-11-15_11h27.40.685,Delay discounting,2024.1.5,None,2024-11-15 11h27.59.072761 +0530,
15,35,13,2,0,14,1,25.32252790001803,,25.30880060000345,25.32252790001803,26.322499500005506,26.322499500005506,26.322499500005506,27.040270500001498,l,0.7029282999865245,None,p2,001,2024-11-15_11h27.40.685,Delay discounting,2024.1.5,None,2024-11-15 11h27.59.072761 +0530,
27,50,21,2,1,15,2,27.055142800003523,,27.041687400022056,27.055142800003523,28.055397600022843,28.055397600022843,28.055397600022843,29.023490300023695,l,0.9655958999937866,None,p2,001,2024-11-15_11h27.40.685,Delay discounting,2024.1.5,None,2024-11-15 11h27.59.072761 +0530,
78,80,162,2,2,16,6,29.04037070000777,,29.024996200023452,29.04037070000777,30.037865799997235,30.037865799997235,30.054302400007145,30.9719119000074,t,0.9184661999752279,None,p2,001,2024-11-15_11h27.40.685,Delay discounting,2024.1.5,None,2024-11-15 11h27.59.072761 +0530,
49,60,89,2,3,17,4,30.987131100002443,,30.972955900011584,30.987131100002443,31.987094000010984,31.987094000010984,31.987094000010984,32.955227400001604,t,0.961560499999905,None,p2,001,2024-11-15_11h27.40.685,Delay discounting,2024.1.5,None,2024-11-15 11h27.59.072761 +0530,
11,30,7,2,4,18,0,32.97464860000764,,32.957357000006596,32.97464860000764,33.96956670001964,33.96956670001964,33.986326800019015,34.50417290002224,l,0.5288765000004787,None,p2,001,2024-11-15_11h27.40.685,Delay discounting,2024.1.5,None,2024-11-15 11h27.59.072761 +0530,
40,55,62,2,5,19,3,34.51926940001431,,34.505150300014066,34.51926940001431,35.51914430002216,35.51914430002216,35.51914430002216,37.1373145999969,t,1.6147784999920987,None,p2,001,2024-11-15_11h27.40.685,Delay discounting,2024.1.5,None,2024-11-15 11h27.59.072761 +0530,
67,75,119,2,6,20,5,37.151815699995495,,37.139009400008945,37.151815699995495,38.15180809999583,38.15180809999583,38.15180809999583,39.169650900003035,l,1.0004384999920148,None,p2,001,2024-11-15_11h27.40.685,Delay discounting,2024.1.5,None,2024-11-15 11h27.59.072761 +0530,
11,30,7,3,0,21,0,39.184654700016836,,39.17121880000923,39.184654700016836,40.184603000001516,40.184603000001516,40.184603000001516,42.018302500015125,l,1.8206779999891296,None,p2,001,2024-11-15_11h27.40.685,Delay discounting,2024.1.5,None,2024-11-15 11h27.59.072761 +0530,
78,80,162,3,1,22,6,42.03332519999822,,42.01955700002145,42.03332519999822,43.033402900007786,43.033402900007786,43.033402900007786,43.701744599995436,t,0.6557980999932624,None,p2,001,2024-11-15_11h27.40.685,Delay discounting,2024.1.5,None,2024-11-15 11h27.59.072761 +0530,
27,50,21,3,2,23,2,43.71625260001747,,43.70306709999568,43.71625260001747,44.716199700022116,44.716199700022116,44.716199700022116,45.68390930001624,t,0.9507219000079203,None,p2,001,2024-11-15_11h27.40.685,Delay discounting,2024.1.5,None,2024-11-15 11h27.59.072761 +0530,
40,55,62,3,3,24,3,45.69906060001813,,45.68557930001407,45.69906060001813,46.69894210001803,46.69894210001803,46.69894210001803,49.249442900007125,t,2.53380209999159,None,p2,001,2024-11-15_11h27.40.685,Delay discounting,2024.1.5,None,2024-11-15 11h27.59.072761 +0530,
49,60,89,3,4,25,4,49.26441870001145,,49.250681500008795,49.26441870001145,50.26422320000711,50.26422320000711,50.26422320000711,50.931965600000694,t,0.6541045000194572,None,p2,001,2024-11-15_11h27.40.685,Delay discounting,2024.1.5,None,2024-11-15 11h27.59.072761 +0530,
15,35,13,3,5,26,1,50.94708250000258,,50.93282790001831,50.94708250000258,51.94693540001754,51.94693540001754,51.94693540001754,52.73154180002166,l,0.774442399997497,None,p2,001,2024-11-15_11h27.40.685,Delay discounting,2024.1.5,None,2024-11-15 11h27.59.072761 +0530,
67,75,119,3,6,27,5,52.74693760002265,,52.73310050001601,52.74693760002265,53.74639800001751,53.74639800001751,53.74639800001751,54.58087240002351,t,0.8240787000104319,None,p2,001,2024-11-15_11h27.40.685,Delay discounting,2024.1.5,None,2024-11-15 11h27.59.072761 +0530,
49,60,89,4,0,28,4,54.59603939999943,,54.5821407000185,54.59603939999943,55.59603960000095,55.59603960000095,55.59603960000095,58.912342499999795,t,3.3048517999995966,None,p2,001,2024-11-15_11h27.40.685,Delay discounting,2024.1.5,None,2024-11-15 11h27.59.072761 +0530,
78,80,162,4,1,29,6,58.92763120000018,,58.913259200024186,58.92763120000018,59.92758000001777,59.92758000001777,59.92758000001777,63.79514270002255,l,3.8639056000101846,None,p2,001,2024-11-15_11h27.40.685,Delay discounting,2024.1.5,None,2024-11-15 11h27.59.072761 +0530,
27,50,21,4,2,30,2,63.80948820000049,,63.796439600002486,63.80948820000049,64.80916120001348,64.80916120001348,64.80916120001348,65.51118349999888,l,0.6870919000066351,None,p2,001,2024-11-15_11h27.40.685,Delay discounting,2024.1.5,None,2024-11-15 11h27.59.072761 +0530,
67,75,119,4,3,31,5,65.52938799999538,,65.51319739999599,65.52938799999538,66.52533530001529,66.52533530001529,66.5420032000111,67.02832520002266,t,0.49440349999349564,None,p2,001,2024-11-15_11h27.40.685,Delay discounting,2024.1.5,None,2024-11-15 11h27.59.072761 +0530,
40,55,62,4,4,32,3,67.04468459999771,,67.03022090002196,67.04468459999771,68.04147240001475,68.04147240001475,68.05812120001065,68.82623420000891,t,0.7766089999931864,None,p2,001,2024-11-15_11h27.40.685,Delay discounting,2024.1.5,None,2024-11-15 11h27.59.072761 +0530,
11,30,7,4,5,33,0,68.84103720000712,,68.82720170001267,68.84103720000712,69.84103380001034,69.84103380001034,69.84103380001034,70.42550310000661,l,0.5750497000117321,None,p2,001,2024-11-15_11h27.40.685,Delay discounting,2024.1.5,None,2024-11-15 11h27.59.072761 +0530,
15,35,13,4,6,34,1,70.44067060001544,,70.42647289999877,70.44067060001544,71.44061859999783,71.44061859999783,71.44061859999783,72.05857470000046,l,0.6100932999979705,None,p2,001,2024-11-15_11h27.40.685,Delay discounting,2024.1.5,None,2024-11-15 11h27.59.072761 +0530,
78,80,162,5,0,35,6,72.07356040002196,,72.06010669999523,72.07356040002196,73.07338170000003,73.07338170000003,73.07338170000003,73.79100280001876,t,0.703761199984001,None,p2,001,2024-11-15_11h27.40.685,Delay discounting,2024.1.5,None,2024-11-15 11h27.59.072761 +0530,
11,30,7,5,1,36,0,73.80652589999954,,73.79194300001836,73.80652589999954,74.80585180001799,74.80585180001799,74.80585180001799,75.59122890001163,l,0.7713690999953542,None,p2,001,2024-11-15_11h27.40.685,Delay discounting,2024.1.5,None,2024-11-15 11h27.59.072761 +0530,
27,50,21,5,2,37,2,75.60952590001398,,75.59304540001904,75.60952590001398,76.60549070002162,76.60549070002162,76.62197740000556,77.00663570000324,l,0.38981589998002164,None,p2,001,2024-11-15_11h27.40.685,Delay discounting,2024.1.5,None,2024-11-15 11h27.59.072761 +0530,
40,55,62,5,3,38,3,77.02164809999522,,77.00779340000008,77.02164809999522,78.02148950000992,78.02148950000992,78.02148950000992,79.78977309999755,t,1.7589206999982707,None,p2,001,2024-11-15_11h27.40.685,Delay discounting,2024.1.5,None,2024-11-15 11h27.59.072761 +0530,
15,35,13,5,4,39,1,79.8061907000083,,79.79133080001338,79.8061907000083,80.8042800000112,80.8042800000112,80.82097240001895,92.3018058000016,l,11.486616900016088,None,p2,001,2024-11-15_11h27.40.685,Delay discounting,2024.1.5,None,2024-11-15 11h27.59.072761 +0530,
67,75,119,5,5,40,5,92.31760430001304,,92.30345340000349,92.31760430001304,93.31624490002287,93.31624490002287,93.3329619000142,94.01884710000013,t,0.6933496999845374,None,p2,001,2024-11-15_11h27.40.685,Delay discounting,2024.1.5,None,2024-11-15 11h27.59.072761 +0530,
49,60,89,5,6,41,4,94.03561750001973,,94.02041990001453,94.03561750001973,95.03229000000283,95.03229000000283,95.04895280001801,95.93335350000416,t,0.8862923999840859,None,p2,001,2024-11-15_11h27.40.685,Delay discounting,2024.1.5,None,2024-11-15 11h27.59.072761 +0530,
40,55,62,6,0,42,3,95.9485321000102,,95.93442470001173,95.9485321000102,96.9484880999953,96.9484880999953,96.9484880999953,98.31904250002117,t,1.365622399986023,None,p2,001,2024-11-15_11h27.40.685,Delay discounting,2024.1.5,None,2024-11-15 11h27.59.072761 +0530,
67,75,119,6,1,43,5,98.33728289999999,,98.3208160000213,98.33728289999999,99.33112489999621,99.33112489999621,99.34776340000099,100.99885970001924,t,1.6568382999976166,None,p2,001,2024-11-15_11h27.40.685,Delay discounting,2024.1.5,None,2024-11-15 11h27.59.072761 +0530,
27,50,21,6,2,44,2,101.01356700001634,,100.99999860001844,101.01356700001634,102.01361740002176,102.01361740002176,102.01361740002176,106.28036720000091,l,4.257066299993312,None,p2,001,2024-11-15_11h27.40.685,Delay discounting,2024.1.5,None,2024-11-15 11h27.59.072761 +0530,
11,30,7,6,3,45,0,106.29577150000841,,106.28189260000363,106.29577150000841,107.29522349999752,107.29522349999752,107.29522349999752,107.82968740002252,l,0.5239465000049677,None,p2,001,2024-11-15_11h27.40.685,Delay discounting,2024.1.5,None,2024-11-15 11h27.59.072761 +0530,
49,60,89,6,4,46,4,107.84479820000706,,107.8306944000069,107.84479820000706,108.8446796000062,108.8446796000062,108.8446796000062,109.49557379999897,t,0.6411441000236664,None,p2,001,2024-11-15_11h27.40.685,Delay discounting,2024.1.5,None,2024-11-15 11h27.59.072761 +0530,
15,35,13,6,5,47,1,109.51101640000707,,109.49648260002141,109.51101640000707,110.51090819999808,110.51090819999808,110.51090819999808,111.32826589999604,l,0.8104664999991655,None,p2,001,2024-11-15_11h27.40.685,Delay discounting,2024.1.5,None,2024-11-15 11h27.59.072761 +0530,
78,80,162,6,6,48,6,111.34333030000562,,111.32914119999623,111.34333030000562,112.3437068000203,112.3437068000203,112.3437068000203,113.01108749999548,t,0.6534170999948401,None,p2,001,2024-11-15_11h27.40.685,Delay discounting,2024.1.5,None,2024-11-15 11h27.59.072761 +0530,
11,30,7,7,0,49,0,113.02627660002327,,113.01213260000804,113.02627660002327,114.02650530001847,114.02650530001847,114.02650530001847,114.59412520000478,l,0.5507980999827851,None,p2,001,2024-11-15_11h27.40.685,Delay discounting,2024.1.5,None,2024-11-15 11h27.59.072761 +0530,
49,60,89,7,1,50,4,114.60911829999532,,114.5950928000093,114.60911829999532,115.60869000002276,115.60869000002276,115.60869000002276,116.34328309999546,t,0.7228864000062458,None,p2,001,2024-11-15_11h27.40.685,Delay discounting,2024.1.5,None,2024-11-15 11h27.59.072761 +0530,
40,55,62,7,2,51,3,116.35833550000098,,116.3441963000223,116.35833550000098,117.35836100002052,117.35836100002052,117.35836100002052,118.12898249999853,t,0.7674381999822799,None,p2,001,2024-11-15_11h27.40.685,Delay discounting,2024.1.5,None,2024-11-15 11h27.59.072761 +0530,
78,80,162,7,3,52,6,118.14563410001574,,118.13076070000534,118.14563410001574,119.14108440000564,119.14108440000564,119.15775520002353,119.7420196000021,t,0.5925005000026431,None,p2,001,2024-11-15_11h27.40.685,Delay discounting,2024.1.5,None,2024-11-15 11h27.59.072761 +0530,
27,50,21,7,4,53,2,119.75723240000661,,119.74302610001178,119.75723240000661,120.75699360002181,120.75699360002181,120.75699360002181,121.47559180000098,l,0.7160955000144895,None,p2,001,2024-11-15_11h27.40.685,Delay discounting,2024.1.5,None,2024-11-15 11h27.59.072761 +0530,
67,75,119,7,5,54,5,121.48985470001935,,121.47648169999593,121.48985470001935,122.4898186000064,122.4898186000064,122.4898186000064,123.09088190001785,t,0.5868729999929201,None,p2,001,2024-11-15_11h27.40.685,Delay discounting,2024.1.5,None,2024-11-15 11h27.59.072761 +0530,
15,35,13,7,6,55,1,123.10624560000724,,123.09188720001839,123.10624560000724,124.10618150001392,124.10618150001392,124.10618150001392,124.72420530000818,l,0.6149884999904316,None,p2,001,2024-11-15_11h27.40.685,Delay discounting,2024.1.5,None,2024-11-15 11h27.59.072761 +0530,
27,50,21,8,0,56,2,124.73910700000124,,124.7253258000128,124.73910700000124,125.7390149999992,125.7390149999992,125.7390149999992,126.44046220000018,l,0.6864325999922585,None,p2,001,2024-11-15_11h27.40.685,Delay discounting,2024.1.5,None,2024-11-15 11h27.59.072761 +0530,
11,30,7,8,1,57,0,126.45518190000439,,126.44206040000427,126.45518190000439,127.45466489999671,127.45466489999671,127.45466489999671,128.00595170000452,l,0.540203799988376,None,p2,001,2024-11-15_11h27.40.685,Delay discounting,2024.1.5,None,2024-11-15 11h27.59.072761 +0530,
49,60,89,8,2,58,4,128.0209698000108,,128.00738930000807,128.0209698000108,129.02138540000306,129.02138540000306,129.02138540000306,130.02242130000377,t,0.9988993000006303,None,p2,001,2024-11-15_11h27.40.685,Delay discounting,2024.1.5,None,2024-11-15 11h27.59.072761 +0530,
15,35,13,8,3,59,1,130.03713900002185,,130.023737600015,130.03713900002185,131.03709250001702,131.03709250001702,131.03709250001702,132.80455130001064,l,1.763139599992428,None,p2,001,2024-11-15_11h27.40.685,Delay discounting,2024.1.5,None,2024-11-15 11h27.59.072761 +0530,
67,75,119,8,4,60,5,132.82066240001586,,132.80605549999746,132.82066240001586,133.81929010001477,133.81929010001477,133.83599350001896,134.67090230001486,t,0.8496699999959674,None,p2,001,2024-11-15_11h27.40.685,Delay discounting,2024.1.5,None,2024-11-15 11h27.59.072761 +0530,
40,55,62,8,5,61,3,134.68558400002075,,134.67191350000212,134.68558400002075,135.68530760001158,135.68530760001158,135.68530760001158,136.53746210000827,l,0.8386157000204548,None,p2,001,2024-11-15_11h27.40.685,Delay discounting,2024.1.5,None,2024-11-15 11h27.59.072761 +0530,
78,80,162,8,6,62,6,136.5523168000218,,136.5389994000143,136.5523168000218,137.55184739999822,137.55184739999822,137.56806869999855,138.4530747999961,t,0.8989812000072561,None,p2,001,2024-11-15_11h27.40.685,Delay discounting,2024.1.5,None,2024-11-15 11h27.59.072761 +0530,
27,50,21,9,0,63,2,138.46753779999563,,138.45457920001354,138.46753779999563,139.4672732000181,139.4672732000181,139.4672732000181,140.20192900000256,l,0.7299767000076827,None,p2,001,2024-11-15_11h27.40.685,Delay discounting,2024.1.5,None,2024-11-15 11h27.59.072761 +0530,
49,60,89,9,1,64,4,140.21693640001467,,140.20324390000314,140.21693640001467,141.2166411000071,141.2166411000071,141.2166411000071,141.83469700001297,l,0.6019678000011481,None,p2,001,2024-11-15_11h27.40.685,Delay discounting,2024.1.5,None,2024-11-15 11h27.59.072761 +0530,
78,80,162,9,2,65,6,141.84972670002026,,141.83622620001552,141.84972670002026,142.84978030002094,142.84978030002094,142.84978030002094,143.38427190002403,t,0.5323908999853302,None,p2,001,2024-11-15_11h27.40.685,Delay discounting,2024.1.5,None,2024-11-15 11h27.59.072761 +0530,
40,55,62,9,3,66,3,143.39916290002293,,143.38553110000794,143.39916290002293,144.39883170000394,144.39883170000394,144.39883170000394,145.21709859999828,l,0.8112891000055242,None,p2,001,2024-11-15_11h27.40.685,Delay discounting,2024.1.5,None,2024-11-15 11h27.59.072761 +0530,
15,35,13,9,4,67,1,145.23186060000444,,145.2181886000035,145.23186060000444,146.2317360000161,146.2317360000161,146.2317360000161,146.81637370001408,t,0.575944599986542,None,p2,001,2024-11-15_11h27.40.685,Delay discounting,2024.1.5,None,2024-11-15 11h27.59.072761 +0530,
67,75,119,9,5,68,5,146.8313771999965,,146.81780630000867,146.8313771999965,147.83123840001645,147.83123840001645,147.83123840001645,148.98387550000916,t,1.1394662999955472,None,p2,001,2024-11-15_11h27.40.685,Delay discounting,2024.1.5,None,2024-11-15 11h27.59.072761 +0530,
11,30,7,9,6,69,0,149.00463370000944,,148.986707700009,149.00463370000944,149.99719320001896,149.99719320001896,150.01412420000997,150.43275890001678,l,0.4320947000232991,None,p2,001,2024-11-15_11h27.40.685,Delay discounting,2024.1.5,None,2024-11-15 11h27.59.072761 +0530,
40,55,62,10,0,70,3,150.44727510001394,,150.43407080002362,150.44727510001394,151.44655640001292,151.44655640001292,151.44655640001292,152.2816999000206,t,0.8187391000101343,None,p2,001,2024-11-15_11h27.40.685,Delay discounting,2024.1.5,None,2024-11-15 11h27.59.072761 +0530,
15,35,13,10,1,71,1,152.2962419000105,,152.28293720001238,152.2962419000105,153.29595130000962,153.29595130000962,153.29595130000962,153.6637849000108,l,0.35852779998094775,None,p2,001,2024-11-15_11h27.40.685,Delay discounting,2024.1.5,None,2024-11-15 11h27.59.072761 +0530,
11,30,7,10,2,72,0,153.67898900000728,,153.66477360000135,153.67898900000728,154.67907260000356,154.67907260000356,154.67907260000356,155.53107490000548,l,0.8384200999862514,None,p2,001,2024-11-15_11h27.40.685,Delay discounting,2024.1.5,None,2024-11-15 11h27.59.072761 +0530,
67,75,119,10,3,73,5,155.55113010000787,,155.53328960001818,155.55113010000787,156.54609869999695,156.54609869999695,156.5615101000003,157.49579820001964,l,0.9328827999997884,None,p2,001,2024-11-15_11h27.40.685,Delay discounting,2024.1.5,None,2024-11-15 11h27.59.072761 +0530,
27,50,21,10,4,74,2,157.51114090002375,,157.4967724000162,157.51114090002375,158.51104460001807,158.51104460001807,158.51104460001807,159.3622479000187,t,0.8434705999970902,None,p2,001,2024-11-15_11h27.40.685,Delay discounting,2024.1.5,None,2024-11-15 11h27.59.072761 +0530,
78,80,162,10,5,75,6,159.3771940000006,,159.36386670000502,159.3771940000006,160.3771340000094,160.3771340000094,160.3771340000094,161.04571910001687,l,0.6634686000179499,None,p2,001,2024-11-15_11h27.40.685,Delay discounting,2024.1.5,None,2024-11-15 11h27.59.072761 +0530,
49,60,89,10,6,76,4,161.06021060000057,,161.04740470001707,161.06021060000057,162.05993360001594,162.05993360001594,162.05993360001594,162.9444134000223,l,0.874844399979338,None,p2,001,2024-11-15_11h27.40.685,Delay discounting,2024.1.5,None,2024-11-15 11h27.59.072761 +0530,
11,30,7,11,0,77,0,162.95964470002218,,162.94545540001127,162.95964470002218,163.95945080000092,163.95945080000092,163.95945080000092,164.69341669999994,l,0.7247303000185639,None,p2,001,2024-11-15_11h27.40.685,Delay discounting,2024.1.5,None,2024-11-15 11h27.59.072761 +0530,
27,50,21,11,1,78,2,164.70856410000124,,164.69429300000775,164.70856410000124,165.7087632000039,165.7087632000039,165.7087632000039,166.2765647000051,t,0.5507618999981787,None,p2,001,2024-11-15_11h27.40.685,Delay discounting,2024.1.5,None,2024-11-15 11h27.59.072761 +0530,
49,60,89,11,2,79,4,166.29144369999995,,166.27793510002084,166.29144369999995,167.29121789999772,167.29121789999772,167.29121789999772,167.92693149999832,t,0.6297018000041135,None,p2,001,2024-11-15_11h27.40.685,Delay discounting,2024.1.5,None,2024-11-15 11h27.59.072761 +0530,
78,80,162,11,3,80,6,167.9441146000172,,167.92853610002203,167.9441146000172,168.94072030001553,168.94072030001553,168.95736910001142,169.62579550000373,t,0.6831229999952484,None,p2,001,2024-11-15_11h27.40.685,Delay discounting,2024.1.5,None,2024-11-15 11h27.59.072761 +0530,
40,55,62,11,4,81,3,169.64231389999622,,169.6274157000007,169.64231389999622,170.64064070000313,170.64064070000313,170.65684630000032,171.50794380001025,t,0.8587348999863025,None,p2,001,2024-11-15_11h27.40.685,Delay discounting,2024.1.5,None,2024-11-15 11h27.59.072761 +0530,
67,75,119,11,5,82,5,171.5229506000178,,171.50895489999675,171.5229506000178,172.5228300000017,172.5228300000017,172.5228300000017,173.24040270000114,t,0.7086377000086941,None,p2,001,2024-11-15_11h27.40.685,Delay discounting,2024.1.5,None,2024-11-15 11h27.59.072761 +0530,
15,35,13,11,6,83,1,173.25569540000288,,173.24134570002207,173.25569540000288,174.2555748000159,174.2555748000159,174.2555748000159,174.84046820001095,l,0.5796993999974802,None,p2,001,2024-11-15_11h27.40.685,Delay discounting,2024.1.5,None,2024-11-15 11h27.59.072761 +0530,
15,35,13,12,0,84,1,174.85527460000594,,174.84175740001956,174.85527460000594,175.85497210000176,175.85497210000176,175.85497210000176,176.439644099999,l,0.5736839000019245,None,p2,001,2024-11-15_11h27.40.685,Delay discounting,2024.1.5,None,2024-11-15 11h27.59.072761 +0530,
11,30,7,12,1,85,0,176.45462760000373,,176.4407046000124,176.45462760000373,177.45447749999585,177.45447749999585,177.45447749999585,178.0392079000012,l,0.5737993000075221,None,p2,001,2024-11-15_11h27.40.685,Delay discounting,2024.1.5,None,2024-11-15 11h27.59.072761 +0530,
67,75,119,12,2,86,5,178.05455250001978,,178.04024689999642,178.05455250001978,179.0540971000155,179.0540971000155,179.0540971000155,180.15528629999608,t,1.0850847999972757,None,p2,001,2024-11-15_11h27.40.685,Delay discounting,2024.1.5,None,2024-11-15 11h27.59.072761 +0530,
49,60,89,12,3,87,4,180.17007150000427,,180.15680070000235,180.17007150000427,181.16984930000035,181.16984930000035,181.16984930000035,186.8530887000088,t,5.677895899978466,None,p2,001,2024-11-15_11h27.40.685,Delay discounting,2024.1.5,None,2024-11-15 11h27.59.072761 +0530,
27,50,21,12,4,88,2,186.86883540000417,,186.85469510001712,186.86883540000417,187.8676553000114,187.8676553000114,187.88459550001426,188.33559500001138,l,0.4614544000069145,None,p2,001,2024-11-15_11h27.40.685,Delay discounting,2024.1.5,None,2024-11-15 11h27.59.072761 +0530,
78,80,162,12,5,89,6,188.35063800000353,,188.33678750001127,188.35063800000353,189.35044979999657,189.35044979999657,189.35044979999657,190.06827950000297,t,0.7081517999758944,None,p2,001,2024-11-15_11h27.40.685,Delay discounting,2024.1.5,None,2024-11-15 11h27.59.072761 +0530,
40,55,62,12,6,90,3,190.0833355000068,,190.0693498000037,190.0833355000068,191.08321020001313,191.08321020001313,191.08321020001313,192.20094100001734,t,1.10924319998594,None,p2,001,2024-11-15_11h27.40.685,Delay discounting,2024.1.5,None,2024-11-15 11h27.59.072761 +0530,
49,60,89,13,0,91,4,192.21601490001194,,192.20217760000378,192.21601490001194,193.21543660000316,193.21543660000316,193.21543660000316,193.88375290000113,t,0.6511558000056539,None,p2,001,2024-11-15_11h27.40.685,Delay discounting,2024.1.5,None,2024-11-15 11h27.59.072761 +0530,
11,30,7,13,1,92,0,193.89876569999615,,193.88501369999722,193.89876569999615,194.8985715000017,194.8985715000017,194.8985715000017,195.4326714000199,l,0.5279845999903046,None,p2,001,2024-11-15_11h27.40.685,Delay discounting,2024.1.5,None,2024-11-15 11h27.59.072761 +0530,
67,75,119,13,2,93,5,195.44808870000998,,195.43369330000132,195.44808870000998,196.44789910002146,196.44789910002146,196.44789910002146,197.11636280000675,t,0.6624828999920283,None,p2,001,2024-11-15_11h27.40.685,Delay discounting,2024.1.5,None,2024-11-15 11h27.59.072761 +0530,
27,50,21,13,3,94,2,197.13190320000285,,197.11784089999855,197.13190320000285,198.13080130002345,198.13080130002345,198.14749130001292,198.84883790000458,l,0.711063099995954,None,p2,001,2024-11-15_11h27.40.685,Delay discounting,2024.1.5,None,2024-11-15 11h27.59.072761 +0530,
40,55,62,13,4,95,3,198.8637873000116,,198.8497993000201,198.8637873000116,199.8636119000148,199.8636119000148,199.8636119000148,200.79755740001565,t,0.9239342999935616,None,p2,001,2024-11-15_11h27.40.685,Delay discounting,2024.1.5,None,2024-11-15 11h27.59.072761 +0530,
78,80,162,13,5,96,6,200.81299279999803,,200.79827570001362,200.81299279999803,201.81292730002315,201.81292730002315,201.81292730002315,202.6808976000175,t,0.852795300015714,None,p2,001,2024-11-15_11h27.40.685,Delay discounting,2024.1.5,None,2024-11-15 11h27.59.072761 +0530,
15,35,13,13,6,97,1,202.69589840000845,,202.68243630000507,202.69589840000845,203.6955992000003,203.6955992000003,203.6955992000003,205.1141295999987,l,1.4166943000163883,None,p2,001,2024-11-15_11h27.40.685,Delay discounting,2024.1.5,None,2024-11-15 11h27.59.072761 +0530,
